"Symbol","Change %","Last","RPR","TPR","V50d (K)","v/50","% Off 52-wk High","Volume (K)","VRR","Change $","RPR Change"
" -> ","","","","","","","","","","",""
"ABVX","-3.13%","$119.47","100","A","1,419","-25.83%","-19.73%","1,052","-26%","$-3.86","0"
"AG","5.75%","$31.10","100","A","26,157","-0.48%","-0.32%","26,031","-0.5%","$1.69","0"
"ALM","6.83%","$17.84","100","A","4,155","-13.10%","0.00%","3,611","-13%","$1.14","1"
"ALMS","2.01%","$29.98","100","A","3,260","-67.56%","-2.03%","1,057","-68%","$0.59","0"
"ANRO","1.58%","$19.29","100","A","291","-62.60%","-7.75%","109","-63%","$0.30","0"
"AXTI","-9.40%","$37.12","100","A","7,019","13.87%","-9.88%","7,992","14%","$-3.85","0"
"BE","-3.55%","$168.57","100","A","11,696","-7.91%","-6.82%","10,770","-7.9%","$-6.20","0"
"BIOA","0.81%","$22.32","100","A","717","-61.23%","-7.00%","278","-61%","$0.18","0"
"CELC","3.48%","$111.12","100","A","742","-30.72%","-7.65%","514","-31%","$3.74","0"
"COGT","-1.28%","$39.46","100","A","2,143","-9.08%","-9.76%","1,948","-9.1%","$-0.51","0"
"ERAS","0.82%","$13.57","100","A","6,004","-65.90%","-4.23%","2,047","-66%","$0.11","0"
"GLTO","-7.80%","$29.78","100","A","178","-10.09%","-22.31%","160","-10%","$-2.52","0"
"HYMC","2.57%","$49.87","100","A","5,503","-20.97%","-15.09%","4,349","-21%","$1.25","0"
"INBX","-3.79%","$77.23","100","B","215","-47.22%","-18.34%","113","-47%","$-3.04","0"
"KOD","1.30%","$27.98","100","A","867","-33.64%","-10.26%","575","-34%","$0.36","0"
"LITE","-6.41%","$677.00","100","A","4,556","20.56%","-11.50%","5,492","21%","$-46.39","0"
"PL","3.94%","$25.60","100","A","12,249","-37.06%","-17.15%","7,709","-37%","$0.97","0"
"PRAX","-2.04%","$340.47","100","A","558","-23.02%","-4.36%","429","-23%","$-7.08","0"
"PVLA","15.35%","$148.34","100","A","333","269.94%","-1.88%","1,231","270%","$19.74","0"
"RAPT","0.00%","$57.96","100","A","2,837","-64.06%","-0.03%","1,020","-64%","$0.00","0"
"SNDK","3.09%","$651.90","100","A","16,949","39.31%","-10.08%","23,612","39%","$19.52","0"
"SNSE","-11.71%","$30.22","100","A","350","-32.83%","-17.79%","235","-33%","$-4.01","0"
"TERN","-1.11%","$40.92","100","A","2,257","-7.50%","-15.21%","2,088","-7.5%","$-0.46","0"
"VICR","4.30%","$205.64","100","A","647","34.46%","-0.14%","870","34%","$8.48","1"
"WDC","-2.99%","$282.25","100","A","9,995","8.33%","-8.92%","10,828","8.3%","$-8.70","0"
"AEHR","-4.05%","$39.80","99","A","1,218","105.85%","-7.72%","2,508","106%","$-1.68","0"
"ARWR","2.88%","$63.39","99","B","2,924","-17.43%","-17.42%","2,415","-17%","$1.77","0"
"AU","1.26%","$126.07","99","A","2,732","-6.09%","-1.92%","2,566","-6.1%","$1.57","1"
"AUGO","5.99%","$89.74","99","A","929","0.31%","-0.50%","932","0.3%","$5.07","0"
"AZN","-0.88%","$203.98","99","A","5,713","-56.79%","-4.10%","2,469","-57%","$-1.81","0"
"BLTE","0.27%","$188.55","99","A","216","0.39%","-5.72%","216","0.4%","$0.51","1"
"CDE","8.01%","$26.56","99","A","24,813","-11.33%","-4.36%","22,001","-11%","$1.97","0"
"CIEN","-3.44%","$341.16","99","A","3,172","-18.59%","-6.76%","2,582","-19%","$-12.17","0"
"COHR","-6.63%","$250.14","99","A","4,920","59.33%","-9.53%","7,838","59%","$-17.76","0"
"DBVT","-3.19%","$21.52","99","A","470","-74.41%","-17.83%","120","-74%","$-0.71","0"
"ENLT","1.02%","$70.05","99","A","105","49.33%","-13.82%","156","49%","$0.71","0"
"EXK","5.97%","$14.03","99","A","14,900","-16.66%","-7.39%","12,418","-17%","$0.79","0"
"FET","-1.08%","$58.36","99","A","226","36.76%","-8.21%","309","37%","$-0.64","0"
"FORM","-7.63%","$97.75","99","A","1,425","89.38%","-8.68%","2,698","89%","$-8.08","0"
"GLSI","7.62%","$28.12","99","B","650","-70.81%","-17.54%","190","-71%","$1.99","0"
"HBM","1.15%","$28.03","99","A","5,928","11.75%","-2.47%","6,625","12%","$0.32","0"
"IAG","3.61%","$23.82","99","A","8,721","4.15%","-0.67%","9,083","4.1%","$0.83","0"
"ICHR","-10.51%","$46.90","99","A","1,004","25.50%","-15.24%","1,260","25%","$-5.51","0"
"ISSC","2.61%","$25.90","99","A","623","-52.53%","-0.08%","296","-53%","$0.66","0"
"LASR","3.88%","$62.95","99","A","1,105","121.57%","-0.05%","2,448","122%","$2.35","0"
"LPCN","5.49%","$10.00","99","A","158","69.07%","-19.16%","267","69%","$0.52","0"
"MAZE","-2.94%","$45.84","99","A","465","-26.94%","-6.92%","340","-27%","$-1.39","0"
"MU","-3.13%","$415.56","99","A","35,331","0.27%","-8.77%","35,426","0.3%","$-13.44","0"
"MUX","4.72%","$28.37","99","A","1,363","-47.90%","-4.48%","710","-48%","$1.28","0"
"NESR","-2.97%","$25.14","99","A","1,306","0.01%","-6.37%","1,306","0.0%","$-0.77","0"
"NG","6.92%","$12.67","99","A","3,687","21.37%","-0.24%","4,474","21%","$0.82","1"
"NGD","7.79%","$13.14","99","A","19,751","-39.24%","-3.60%","12,000","-39%","$0.95","0"
"PACS","6.00%","$41.67","99","A","1,068","46.07%","-3.27%","1,560","46%","$2.36","0"
"RHLD","-1.29%","$188.38","99","B","138","37.85%","-20.24%","191","38%","$-2.46","0"
"SATS","1.27%","$108.37","99","B","5,113","-38.45%","-18.06%","3,147","-38%","$1.36","0"
"SBSW","1.37%","$17.00","99","B","7,668","-31.75%","-20.15%","5,234","-32%","$0.23","0"
"SEPN","0.97%","$30.28","99","A","295","-14.08%","-7.20%","254","-14%","$0.29","0"
"SIF","1.34%","$14.36","99","A","69","55.36%","-2.78%","107","55%","$0.19","0"
"SII","1.55%","$164.78","99","A","250","-19.35%","-0.01%","202","-19%","$2.52","0"
"SKE","2.58%","$37.35","99","A","1,044","-36.89%","-0.48%","659","-37%","$0.94","0"
"SKYT","7.05%","$30.83","99","B","2,417","23.44%","-15.00%","2,984","23%","$2.03","0"
"STOK","0.14%","$35.55","99","A","728","-12.98%","-8.12%","633","-13%","$0.05","0"
"STX","-2.89%","$409.67","99","A","4,477","-30.30%","-10.91%","3,121","-30%","$-12.18","0"
"SVM","4.87%","$13.77","99","A","6,935","-10.92%","-1.64%","6,178","-11%","$0.64","0"
"TER","-2.95%","$332.70","99","A","3,325","47.70%","-3.54%","4,912","48%","$-10.12","0"
"TTMI","-1.19%","$107.56","99","A","2,671","-19.49%","-5.20%","2,150","-19%","$-1.30","0"
"UCTT","-11.66%","$59.47","99","A","1,147","304.53%","-19.42%","4,642","305%","$-7.85","0"
"UUUU","1.06%","$22.84","99","A","13,596","-37.57%","-18.14%","8,488","-38%","$0.24","0"
"VSAT","-3.34%","$46.07","99","A","1,789","-39.97%","-8.30%","1,074","-40%","$-1.59","0"
"WULF","-0.22%","$17.88","99","A","30,378","-15.46%","-3.40%","25,681","-15%","$-0.04","0"
"AAOI","-7.62%","$53.69","98","A","4,986","8.13%","-9.38%","5,392","8.1%","$-4.43","-1"
"AEIS","-0.34%","$337.35","98","A","689","7.27%","-2.86%","739","7.3%","$-1.16","0"
"ALB","-5.59%","$184.93","98","A","3,140","-18.09%","-10.23%","2,572","-18%","$-10.94","0"
"AMLX","6.19%","$15.26","98","A","1,503","-29.31%","-12.75%","1,062","-29%","$0.89","0"
"ANAB","1.81%","$56.11","98","A","463","-39.28%","-2.82%","281","-39%","$1.00","0"
"ASX","-3.50%","$24.23","98","A","7,836","-0.89%","-4.19%","7,766","-0.9%","$-0.88","0"
"ATRO","1.73%","$80.20","98","A","746","25.15%","-2.06%","934","25%","$1.36","0"
"AVTX","4.66%","$17.64","98","A","373","108.40%","-14.86%","777","108%","$0.79","0"
"BELFA","-1.46%","$214.00","98","A","50","50.91%","-5.90%","76","51%","$-3.16","0"
"BELFB","-1.09%","$232.12","98","A","163","-10.34%","-6.63%","146","-10%","$-2.55","0"
"BVN","2.80%","$41.13","98","A","1,762","12.61%","-0.39%","1,984","13%","$1.12","0"
"CENX","-1.53%","$52.21","98","A","2,253","21.87%","-6.75%","2,745","22%","$-0.81","0"
"CGAU","4.64%","$20.07","98","A","1,889","-34.66%","-1.62%","1,234","-35%","$0.89","0"
"CTNM","0.00%","$15.78","98","A","240","-37.35%","-3.37%","150","-37%","$0.00","0"
"EFXT","16.97%","$23.23","98","A","432","99.06%","-1.02%","860","99%","$3.37","1"
"EKSO","3.94%","$10.02","98","B","2,568","-97.83%","-24.49%","56","-98%","$0.38","0"
"ELVR","-3.23%","$58.10","98","A","83","-20.63%","-16.99%","66","-21%","$-1.94","0"
"EQX","1.60%","$18.40","98","A","10,513","-33.92%","-2.95%","6,947","-34%","$0.29","0"
"FBRX","2.88%","$29.26","98","B","223","26.80%","-17.86%","282","27%","$0.82","0"
"FEIM","-5.57%","$50.85","98","A","222","-41.93%","-17.28%","129","-42%","$-3.00","0"
"FIX","-0.85%","$1,438.23","98","A","572","-20.54%","-4.12%","455","-21%","$-12.37","0"
"FRGE","0.27%","$44.81","98","B","217","92.61%","-0.16%","417","93%","$0.12","0"
"FTAI","2.65%","$310.04","98","A","1,579","154.36%","-4.16%","4,015","154%","$8.01","1"
"GLW","-6.31%","$150.30","98","A","8,868","95.26%","-7.28%","17,316","95%","$-10.13","-1"
"GOLD","0.36%","$56.38","98","A","871","-40.92%","-15.47%","515","-41%","$0.20","0"
"HUT","-0.87%","$54.82","98","A","6,139","-35.39%","-17.03%","3,966","-35%","$-0.48","0"
"IDR","5.68%","$43.17","98","A","566","-53.50%","-21.08%","263","-53%","$2.32","1"
"KLRS","-0.66%","$10.56","98","A","103","-86.14%","-18.14%","14","-86%","$-0.07","0"
"KYMR","4.80%","$95.03","98","A","798","75.07%","-7.74%","1,397","75%","$4.35","0"
"LRCX","-4.17%","$239.07","98","A","12,000","-10.92%","-6.86%","10,690","-11%","$-10.41","0"
"MKSI","-4.39%","$244.68","98","A","1,443","48.30%","-9.35%","2,139","48%","$-11.23","0"
"NEXA","-1.15%","$12.02","98","B","797","11.23%","-19.54%","886","11%","$-0.14","0"
"NGL","0.25%","$12.03","98","A","384","-54.03%","-7.46%","176","-54%","$0.03","0"
"OIS","-2.08%","$13.15","98","A","1,044","47.55%","-9.31%","1,541","48%","$-0.28","-1"
"ORKA","-2.72%","$34.32","98","A","539","-64.33%","-6.05%","192","-64%","$-0.96","0"
"PAAS","4.99%","$67.51","98","A","8,293","-11.61%","-3.54%","7,330","-12%","$3.21","0"
"POWL","-3.30%","$530.88","98","A","264","3.13%","-13.33%","272","3.1%","$-18.12","0"
"PPTA","7.89%","$35.67","98","A","1,972","40.51%","-0.83%","2,770","41%","$2.61","0"
"RVMD","-1.06%","$102.15","98","A","3,564","-44.08%","-17.95%","1,993","-44%","$-1.09","0"
"SA","2.20%","$38.58","98","A","1,193","-35.40%","-0.44%","771","-35%","$0.83","0"
"SIFY","-0.93%","$16.05","98","A","83","-45.61%","-10.08%","45","-46%","$-0.15","0"
"SPHR","1.85%","$116.32","98","A","761","-30.95%","-1.54%","525","-31%","$2.11","0"
"SRZN","-4.74%","$25.75","98","A","109","-44.02%","-7.90%","61","-44%","$-1.28","-1"
"SSRM","5.41%","$32.14","98","A","3,831","-22.52%","-0.68%","2,968","-23%","$1.65","1"
"STRO","0.15%","$20.47","98","A","124","-66.68%","-0.58%","41","-67%","$0.03","1"
"SYRE","-1.66%","$43.15","98","A","725","-26.22%","-5.70%","535","-26%","$-0.73","0"
"TPC","3.81%","$89.38","98","A","542","172.66%","-0.15%","1,477","173%","$3.28","1"
"TYRA","-3.83%","$33.18","98","A","697","6.58%","-7.08%","743","6.6%","$-1.32","-1"
"VIAV","-3.08%","$29.90","98","A","4,371","14.49%","-4.84%","5,004","14%","$-0.95","-1"
"VSCO","5.78%","$65.75","98","A","1,849","9.15%","-1.70%","2,019","9.2%","$3.59","0"
"AAUC","-0.38%","$31.41","97","A","961","-70.99%","-2.09%","279","-71%","$-0.12","0"
"AGCC","2.06%","$13.40","97","A","135","-69.23%","-13.38%","41","-69%","$0.27","-1"
"AGX","2.30%","$452.53","97","A","354","0.23%","-1.57%","355","0.2%","$10.19","0"
"AMAT","-4.87%","$375.72","97","A","7,775","-0.86%","-5.11%","7,709","-0.9%","$-19.23","-1"
"AMKR","-4.75%","$48.52","97","B","4,454","3.06%","-15.01%","4,590","3.1%","$-2.42","0"
"ATI","2.21%","$163.55","97","A","1,821","-4.15%","-0.43%","1,745","-4.2%","$3.53","0"
"B","1.08%","$50.35","97","A","15,191","8.05%","-7.94%","16,414","8.1%","$0.54","0"
"BKD","0.33%","$15.17","97","B","5,041","-27.95%","-11.23%","3,632","-28%","$0.05","1"
"CAMT","-0.37%","$168.41","97","A","526","2.99%","-3.55%","541","3.0%","$-0.62","0"
"CNL","0.70%","$20.22","97","A","61","4.08%","-4.80%","63","4.1%","$0.14","0"
"DNTH","2.39%","$53.11","97","A","781","24.22%","-7.63%","970","24%","$1.24","0"
"DRD","0.71%","$37.07","97","A","377","-3.89%","-5.84%","362","-3.9%","$0.26","0"
"ECO","1.08%","$53.20","97","A","397","62.05%","-0.50%","643","62%","$0.57","1"
"EGO","2.55%","$45.53","97","A","2,458","-17.75%","-11.00%","2,022","-18%","$1.13","0"
"ERO","0.15%","$34.42","97","A","1,899","-40.83%","-13.52%","1,124","-41%","$0.05","0"
"FSLY","-1.05%","$17.96","97","A","8,957","5.01%","-11.40%","9,405","5.0%","$-0.19","-1"
"FSM","3.03%","$13.62","97","A","8,324","-38.06%","-1.59%","5,156","-38%","$0.40","0"
"GFI","0.58%","$58.52","97","A","3,194","-23.11%","-5.06%","2,456","-23%","$0.34","0"
"GPRE","1.79%","$14.20","97","A","1,391","-35.15%","-9.21%","902","-35%","$0.25","0"
"GSAT","-8.76%","$57.88","97","A","667","42.94%","-22.70%","953","43%","$-5.56","-1"
"HLF","0.10%","$19.28","97","A","1,845","-39.10%","-5.49%","1,123","-39%","$0.02","0"
"HSHP","2.70%","$14.48","97","A","317","-8.56%","-0.28%","290","-8.6%","$0.38","0"
"IE","1.77%","$16.70","97","B","1,883","-38.51%","-22.51%","1,158","-39%","$0.29","0"
"INDV","0.24%","$33.71","97","B","2,259","32.46%","-11.29%","2,992","32%","$0.08","0"
"KGC","2.00%","$36.76","97","A","10,925","-19.82%","-6.01%","8,760","-20%","$0.72","0"
"LBRT","-1.59%","$27.92","97","A","4,404","-45.72%","-2.55%","2,390","-46%","$-0.45","0"
"MAMA","-1.67%","$17.03","97","A","478","79.63%","-4.59%","859","80%","$-0.29","0"
"MOD","-0.56%","$228.90","97","A","1,466","-29.63%","-6.11%","1,032","-30%","$-1.29","0"
"MRNA","0.66%","$51.71","97","A","12,048","-52.21%","-6.32%","5,758","-52%","$0.34","0"
"MT","-1.86%","$65.87","97","A","1,624","-5.33%","-2.56%","1,537","-5.3%","$-1.25","0"
"NBR","-0.19%","$77.80","97","A","384","-6.52%","-3.14%","359","-6.5%","$-0.15","0"
"NEM","2.10%","$127.47","97","A","9,558","-24.64%","-5.49%","7,203","-25%","$2.62","0"
"ORLA","3.91%","$20.72","97","A","2,736","-43.35%","-0.34%","1,550","-43%","$0.78","0"
"RFIL","11.14%","$11.23","97","A","208","59.51%","-8.29%","332","60%","$1.13","1"
"ROIV","-0.59%","$28.49","97","A","7,015","-56.10%","-2.43%","3,079","-56%","$-0.17","-1"
"SCCO","0.23%","$215.70","97","A","2,027","-8.93%","-2.29%","1,846","-8.9%","$0.50","0"
"SGML","-0.92%","$16.22","97","A","4,612","72.36%","-3.91%","7,949","72%","$-0.15","0"
"SLSR","1.66%","$10.42","97","A","165","-41.61%","-8.84%","96","-42%","$0.17","0"
"STRL","-4.81%","$433.34","97","A","528","72.19%","-9.16%","909","72%","$-21.91","0"
"TCMD","1.01%","$29.91","97","A","372","-10.53%","-20.81%","333","-11%","$0.30","0"
"TSEM","-1.69%","$123.84","97","B","1,838","7.78%","-17.20%","1,981","7.8%","$-2.13","-1"
"VAL","0.39%","$94.55","97","A","1,740","-35.57%","-7.49%","1,121","-36%","$0.37","0"
"VRT","-1.13%","$259.23","97","A","5,950","43.05%","-2.13%","8,511","43%","$-2.96","0"
"WBD","-0.35%","$28.80","97","A","30,087","-38.27%","-4.00%","18,572","-38%","$-0.10","-1"
"AA","-2.20%","$63.47","96","A","7,494","-30.48%","-5.20%","5,210","-30%","$-1.43","-1"
"AEM","2.43%","$246.40","96","A","2,774","-42.08%","-0.15%","1,607","-42%","$5.85","0"
"AGI","4.86%","$52.45","96","A","3,771","-16.73%","-0.06%","3,140","-17%","$2.43","1"
"ARTV","8.35%","$5.45","96","C","1,226","-84.12%","-25.95%","195","-84%","$0.42","1"
"AXIA","1.40%","$12.28","96","A","2,088","129.91%","-0.24%","4,801","130%","$0.17","0"
"BLNE","6.67%","$3.04","96","D","895","-25.88%","-63.37%","663","-26%","$0.19","1"
"BWAY","-4.27%","$23.41","96","A","103","-5.27%","-12.11%","97","-5.3%","$-1.04","-1"
"CCJ","-1.29%","$118.18","96","A","4,172","-13.39%","-12.61%","3,613","-13%","$-1.54","0"
"CGON","-1.54%","$56.11","96","A","1,124","-34.78%","-6.48%","733","-35%","$-0.88","0"
"CLMT","2.13%","$30.22","96","A","1,207","42.62%","-0.43%","1,722","43%","$0.63","0"
"CODA","-3.78%","$14.25","96","A","169","-21.33%","-4.30%","133","-21%","$-0.56","0"
"CSTM","-0.15%","$25.95","96","A","1,754","33.58%","-4.77%","2,343","34%","$-0.04","0"
"CYD","6.43%","$46.32","96","B","178","92.98%","-18.09%","344","93%","$2.80","2"
"DAN","-2.52%","$34.88","96","A","1,786","-23.18%","-3.86%","1,372","-23%","$-0.90","0"
"DSGN","-2.64%","$10.68","96","A","354","-62.89%","-4.13%","132","-63%","$-0.29","-1"
"ECG","-6.10%","$122.16","96","A","692","121.56%","-11.25%","1,532","122%","$-7.94","-1"
"ELE","2.71%","$23.12","96","A","276","-67.54%","-14.24%","90","-68%","$0.61","1"
"ENGN","-0.69%","$10.03","96","A","327","-70.39%","-18.12%","97","-70%","$-0.07","0"
"ESLT","1.29%","$765.29","96","A","135","1.23%","-1.38%","136","1.2%","$9.77","0"
"EYPT","0.56%","$17.86","96","A","1,339","-26.55%","-6.54%","983","-27%","$0.10","-1"
"FIGS","13.78%","$12.47","96","A","2,584","276.78%","-1.50%","9,735","277%","$1.51","1"
"FIVE","0.91%","$225.12","96","A","1,042","-16.03%","-1.84%","875","-16%","$2.02","0"
"FN","-8.69%","$562.44","96","A","684","58.71%","-11.15%","1,086","59%","$-53.55","-1"
"FRO","2.25%","$37.28","96","A","3,087","80.24%","-1.74%","5,565","80%","$0.82","0"
"FTI","1.75%","$67.29","96","A","3,686","-5.72%","-0.03%","3,475","-5.7%","$1.16","0"
"GCT","33.05%","$46.98","96","A","546","389.09%","-0.55%","2,672","389%","$11.67","5"
"GEV","0.05%","$876.46","96","A","2,985","-7.06%","-2.06%","2,775","-7.1%","$0.45","0"
"GHM","1.87%","$82.29","96","A","115","-9.87%","-10.47%","103","-9.9%","$1.51","0"
"GILT","0.44%","$15.93","96","B","927","-51.84%","-21.84%","446","-52%","$0.07","0"
"GLBS","4.98%","$2.11","96","A","78","103.76%","-0.47%","160","104%","$0.10","1"
"GLDG","4.76%","$1.76","96","A","4,823","-50.10%","-22.47%","2,407","-50%","$0.08","1"
"HII","1.70%","$443.00","96","A","596","-28.40%","-1.96%","427","-28%","$7.42","0"
"INDO","8.82%","$4.81","96","C","1,372","92.22%","-39.50%","2,637","92%","$0.39","2"
"IONS","-0.41%","$80.60","96","B","2,121","57.30%","-7.08%","3,337","57%","$-0.33","0"
"IPGP","-6.76%","$129.47","96","A","526","41.35%","-16.91%","744","41%","$-9.38","-1"
"KEP","-2.66%","$22.29","96","A","600","20.35%","-4.78%","722","20%","$-0.61","0"
"KEYS","1.27%","$306.03","96","A","1,301","107.82%","-1.85%","2,703","108%","$3.85","0"
"KLIC","-2.78%","$70.73","96","A","748","-15.07%","-8.74%","635","-15%","$-2.02","0"
"KRMN","5.84%","$88.31","96","D","2,140","-10.27%","-25.40%","1,920","-10%","$4.87","1"
"MTSI","-2.47%","$247.11","96","A","1,340","2.91%","-3.52%","1,379","2.9%","$-6.26","0"
"NXE","-0.47%","$12.76","96","A","8,796","-28.21%","-8.60%","6,314","-28%","$-0.06","0"
"ONTO","-3.26%","$217.88","96","A","899","11.36%","-6.28%","1,001","11%","$-7.34","0"
"PAHC","3.01%","$54.70","96","A","265","16.22%","-2.84%","308","16%","$1.60","1"
"PARK","-4.48%","$19.41","96","A","51","-50.69%","-10.14%","25","-51%","$-0.91","-1"
"PLAB","-11.27%","$38.66","96","A","1,259","60.61%","-14.85%","2,023","61%","$-4.91","-1"
"PRME","6.05%","$4.38","96","C","3,275","128.33%","-36.89%","7,479","128%","$0.25","2"
"PSIG","7.60%","$6.23","96","A","70","224.52%","-9.97%","228","225%","$0.44","1"
"RAIL","2.07%","$14.80","96","A","165","-27.42%","-0.67%","120","-27%","$0.30","0"
"RCAT","4.59%","$12.99","96","C","11,711","-22.90%","-27.91%","9,030","-23%","$0.57","1"
"RCKY","3.80%","$47.75","96","A","39","323.68%","-1.95%","166","324%","$1.75","1"
"RILYZ","-0.24%","$16.64","96","A","60","-83.74%","-6.46%","10","-84%","$-0.04","-1"
"RUN","4.45%","$20.42","96","A","7,498","102.57%","-9.00%","15,188","103%","$0.87","1"
"SIMO","-8.34%","$131.08","96","A","667","53.03%","-10.74%","1,021","53%","$-11.93","-1"
"SITM","-4.86%","$397.86","96","A","315","-2.26%","-10.99%","308","-2.3%","$-20.31","0"
"SJ","7.46%","$1.44","96","A","77","-34.10%","-8.86%","51","-34%","$0.10","1"
"SMTC","-1.81%","$90.49","96","A","1,378","30.39%","-3.69%","1,797","30%","$-1.67","0"
"TXMD","0.44%","$2.26","96","B","95","-83.30%","-23.39%","16","-83%","$0.01","1"
"UEC","-1.60%","$15.38","96","B","11,105","-23.07%","-24.39%","8,544","-23%","$-0.25","0"
"UMAC","2.38%","$13.76","96","C","3,299","-56.51%","-31.71%","1,435","-57%","$0.32","1"
"WLDN","2.13%","$119.60","96","B","279","-4.78%","-12.70%","265","-4.8%","$2.50","0"
"WPM","2.28%","$161.02","96","A","2,286","-24.81%","-0.30%","1,719","-25%","$3.59","0"
"AEO","3.62%","$24.91","95","B","5,852","-28.65%","-12.47%","4,175","-29%","$0.87","0"
"AIP","1.23%","$17.22","95","A","469","48.62%","-13.25%","697","49%","$0.21","0"
"ALNT","0.96%","$67.13","95","A","154","-44.35%","-4.10%","86","-44%","$0.64","0"
"ASML","-4.11%","$1,463.80","95","A","1,745","24.64%","-5.39%","2,175","25%","$-62.71","-1"
"CAT","-1.78%","$752.93","95","A","2,813","16.87%","-4.67%","3,287","17%","$-13.68","-1"
"CMCL","4.15%","$32.59","95","A","449","-54.84%","-15.90%","203","-55%","$1.30","0"
"CPAC","1.62%","$10.65","95","B","96","-88.84%","-7.39%","11","-89%","$0.17","0"
"CTGO","3.07%","$28.91","95","A","256","-20.84%","-15.91%","203","-21%","$0.86","1"
"DY","-1.17%","$420.51","95","A","449","1.25%","-5.62%","454","1.2%","$-4.96","0"
"ELA","2.91%","$13.45","95","A","90","-46.22%","-10.99%","48","-46%","$0.38","0"
"ESTA","-1.46%","$77.15","95","A","510","-0.38%","-7.39%","508","-0.4%","$-1.14","0"
"EZPW","1.81%","$26.40","95","A","977","-40.15%","-0.30%","585","-40%","$0.47","1"
"FCX","-0.64%","$68.38","95","A","19,936","-11.29%","-1.96%","17,685","-11%","$-0.44","0"
"FOLD","-0.07%","$14.33","95","B","12,229","-54.67%","-0.35%","5,543","-55%","$-0.01","0"
"IESC","2.06%","$515.05","95","A","189","53.38%","-4.21%","289","53%","$10.38","0"
"INSW","4.30%","$72.51","95","A","526","63.37%","-0.30%","859","63%","$2.99","2"
"INTC","-3.03%","$45.46","95","B","105,356","-32.42%","-16.74%","71,195","-32%","$-1.42","-1"
"KLAC","-1.45%","$1,524.31","95","A","1,092","8.40%","-9.98%","1,184","8.4%","$-22.37","0"
"KMT","0.20%","$40.11","95","A","1,276","-2.44%","-3.91%","1,245","-2.4%","$0.08","0"
"LINC","-0.45%","$34.52","95","A","364","114.35%","-5.22%","781","114%","$-0.15","0"
"LIND","-2.51%","$20.23","95","A","708","14.30%","-4.71%","809","14%","$-0.52","0"
"MOG.A","-1.69%","$340.22","95","A","219","4.51%","-2.95%","229","4.5%","$-5.86","0"
"MTZ","1.65%","$289.96","95","A","864","100.42%","-0.60%","1,731","100%","$4.70","0"
"NEOG","0.18%","$11.32","95","A","3,592","-49.24%","-0.96%","1,823","-49%","$0.02","-1"
"NVMI","-3.33%","$441.77","95","B","388","20.26%","-12.91%","467","20%","$-15.24","-1"
"NVRI","4.15%","$18.59","95","B","1,423","-0.67%","-4.57%","1,413","-0.7%","$0.74","1"
"OR","2.60%","$47.01","95","A","1,508","-44.22%","-1.55%","841","-44%","$1.19","0"
"ORN","-1.99%","$13.78","95","A","308","-17.63%","-8.13%","254","-18%","$-0.28","0"
"PKST","0.10%","$20.86","95","A","631","-62.14%","-0.52%","239","-62%","$0.02","0"
"PPIH","-1.94%","$32.41","95","A","101","-5.03%","-11.17%","96","-5.0%","$-0.64","0"
"PUMP","2.15%","$11.90","95","A","2,791","-18.55%","-10.19%","2,273","-19%","$0.25","0"
"RGLD","2.41%","$294.38","95","A","1,015","-41.25%","-3.88%","596","-41%","$6.94","1"
"SHIP","0.36%","$14.10","95","A","209","60.16%","-0.91%","335","60%","$0.05","0"
"SION","-0.08%","$38.00","95","B","310","-54.93%","-15.56%","140","-55%","$-0.03","0"
"SQM","-1.97%","$77.97","95","A","1,447","0.46%","-9.47%","1,454","0.5%","$-1.57","-1"
"TATT","1.37%","$55.68","95","A","142","-62.11%","-1.45%","54","-62%","$0.75","1"
"TEN","3.99%","$34.43","95","A","330","208.86%","-1.35%","1,018","209%","$1.32","1"
"TEVA","0.45%","$33.77","95","B","9,245","-41.80%","-9.59%","5,381","-42%","$0.15","0"
"THR","-1.62%","$52.68","95","A","449","275.31%","-10.04%","1,687","275%","$-0.87","-1"
"TIGO","5.97%","$70.68","95","A","1,223","104.57%","-2.15%","2,503","105%","$3.98","1"
"TPB","-0.78%","$141.86","95","A","327","-15.81%","-3.43%","275","-16%","$-1.12","0"
"TPR","2.28%","$160.49","95","A","2,469","47.19%","-0.91%","3,634","47%","$3.57","0"
"TXG","12.56%","$22.13","95","A","2,552","45.48%","-6.07%","3,712","45%","$2.47","3"
"VERA","1.61%","$42.35","95","B","1,104","76.93%","-24.44%","1,954","77%","$0.67","0"
"VISN","0.11%","$17.82","95","B","3,507","197.51%","-13.28%","10,434","198%","$0.02","-1"
"WF","-3.42%","$79.64","95","A","66","37.97%","-5.99%","91","38%","$-2.82","-1"
"WFRD","-0.04%","$104.92","95","A","1,146","-47.21%","-2.98%","605","-47%","$-0.04","0"
"AIR","0.95%","$118.17","94","A","496","-46.30%","-0.90%","267","-46%","$1.11","0"
"ALGT","3.66%","$106.50","94","A","497","-23.84%","-9.75%","379","-24%","$3.76","1"
"APGE","-2.54%","$69.09","94","A","982","-48.16%","-18.29%","509","-48%","$-1.80","0"
"ARQT","5.78%","$28.57","94","A","1,558","116.82%","-10.07%","3,378","117%","$1.56","2"
"ATNI","-0.70%","$28.33","94","A","53","-38.88%","-4.93%","32","-39%","$-0.20","0"
"CGEM","5.92%","$15.21","94","A","814","0.79%","-0.13%","820","0.8%","$0.85","1"
"CLS","-5.04%","$279.16","94","B","2,795","15.77%","-23.18%","3,235","16%","$-14.82","-1"
"CPS","2.35%","$39.70","94","A","218","-26.06%","-17.26%","161","-26%","$0.91","1"
"CTRI","2.48%","$31.43","94","A","1,434","93.40%","-2.93%","2,774","93%","$0.76","1"
"DG","-0.51%","$154.00","94","A","3,097","-25.29%","-2.67%","2,314","-25%","$-0.79","0"
"DHT","2.62%","$19.17","94","A","2,806","125.56%","-0.78%","6,330","126%","$0.49","1"
"DLX","3.15%","$28.47","94","A","494","-13.30%","-0.45%","428","-13%","$0.87","1"
"ELAN","-2.42%","$26.19","94","A","5,007","4.33%","-5.52%","5,224","4.3%","$-0.65","-1"
"ENTA","-1.57%","$14.41","94","A","284","-26.79%","-15.98%","208","-27%","$-0.23","0"
"ENTG","-3.74%","$132.20","94","A","3,102","-21.99%","-7.23%","2,420","-22%","$-5.14","-1"
"EXAS","-0.02%","$103.25","94","A","2,476","-21.03%","-0.41%","1,955","-21%","$-0.02","0"
"FNV","1.85%","$280.82","94","A","825","-50.92%","-0.16%","405","-51%","$5.10","1"
"GTX","0.79%","$20.46","94","A","2,483","-19.34%","-4.48%","2,002","-19%","$0.16","1"
"HLIO","-1.42%","$72.79","94","A","316","-18.78%","-4.42%","256","-19%","$-1.05","-1"
"HROW","1.03%","$53.99","94","A","542","11.67%","-1.57%","606","12%","$0.55","0"
"IMTX","-1.55%","$10.13","94","A","404","-1.81%","-18.37%","396","-1.8%","$-0.16","-1"
"KALU","-0.80%","$131.06","94","B","215","6.72%","-12.63%","230","6.7%","$-1.06","0"
"KRYS","1.42%","$276.36","94","B","304","-29.07%","-7.36%","215","-29%","$3.86","0"
"LGN","2.80%","$57.32","94","A","1,274","-37.87%","-1.10%","791","-38%","$1.56","0"
"LSCC","-3.78%","$97.25","94","A","1,909","-14.88%","-10.02%","1,625","-15%","$-3.82","0"
"LUNR","11.20%","$17.67","94","B","11,967","22.72%","-24.23%","14,686","23%","$1.78","2"
"MG","1.51%","$15.51","94","A","176","-19.55%","-0.13%","142","-20%","$0.23","1"
"MTRN","-0.17%","$161.26","94","A","184","35.04%","-6.26%","248","35%","$-0.27","0"
"NATR","-0.15%","$27.50","94","A","121","8.41%","-1.61%","131","8.4%","$-0.04","0"
"NE","-1.77%","$44.91","94","A","2,120","-26.71%","-5.33%","1,554","-27%","$-0.81","0"
"NPKI","4.13%","$14.89","94","A","648","189.53%","-6.70%","1,876","190%","$0.59","1"
"NVAX","17.42%","$11.19","94","A","5,026","375.37%","-6.52%","23,891","375%","$1.66","6"
"NWPX","10.34%","$81.66","94","A","79","109.33%","-1.33%","166","109%","$7.65","2"
"OII","-0.92%","$37.57","94","A","1,187","-2.41%","-3.67%","1,158","-2.4%","$-0.35","-1"
"PDS","-0.62%","$86.08","94","A","101","-20.44%","-6.84%","80","-20%","$-0.54","0"
"PKE","1.01%","$27.12","94","A","257","2.58%","-4.41%","264","2.6%","$0.27","0"
"PRIM","-0.79%","$151.99","94","B","988","-28.96%","-12.86%","702","-29%","$-1.21","0"
"SOLS","-1.94%","$78.32","94","A","3,501","-0.16%","-7.25%","3,495","-0.2%","$-1.55","-1"
"STNG","4.35%","$77.01","94","A","1,020","2.41%","-0.01%","1,044","2.4%","$3.21","2"
"TFPM","1.30%","$40.41","94","A","657","-2.66%","-0.22%","640","-2.7%","$0.52","0"
"TNK","2.97%","$76.99","94","A","438","177.61%","-0.66%","1,216","178%","$2.22","2"
"TSM","-2.82%","$376.81","94","A","12,854","12.09%","-3.43%","14,408","12%","$-10.92","-1"
"UI","0.72%","$760.84","94","A","105","-18.99%","-5.32%","85","-19%","$5.41","-1"
"USAU","5.19%","$19.47","94","A","391","12.38%","-18.02%","440","12%","$0.96","1"
"VALE","-1.25%","$17.31","94","A","37,267","7.89%","-2.31%","40,207","7.9%","$-0.22","0"
"VPG","-2.17%","$47.26","94","B","310","-48.41%","-15.98%","160","-48%","$-1.05","-1"
"WT","0.35%","$17.37","94","A","4,068","-17.22%","-0.63%","3,367","-17%","$0.06","0"
"WWD","-1.48%","$387.74","94","A","633","-10.49%","-3.86%","566","-10%","$-5.84","-1"
"XPO","3.35%","$205.13","94","A","1,803","41.99%","-3.56%","2,559","42%","$6.64","1"
"YOU","1.31%","$47.12","94","A","1,583","137.17%","-6.62%","3,754","137%","$0.61","1"
"ZIM","-1.16%","$28.86","94","A","4,551","-66.37%","-3.70%","1,531","-66%","$-0.34","-1"
"AAMI","-1.15%","$55.78","93","A","246","11.53%","-2.19%","274","12%","$-0.65","0"
"ADEA","0.87%","$20.85","93","A","983","39.94%","-1.04%","1,375","40%","$0.18","1"
"AMRX","-0.62%","$14.49","93","A","2,570","-18.11%","-6.03%","2,105","-18%","$-0.09","0"
"APEI","-0.02%","$45.63","93","A","242","-23.66%","-1.83%","185","-24%","$-0.01","0"
"BAP","0.10%","$355.48","93","A","484","-22.93%","-6.50%","373","-23%","$0.34","0"
"BHP","-0.75%","$81.07","93","A","4,071","4.39%","-1.54%","4,250","4.4%","$-0.61","0"
"BTSG","-1.64%","$40.13","93","A","1,653","61.50%","-3.07%","2,670","61%","$-0.67","0"
"BWA","-2.59%","$57.91","93","A","3,602","-11.00%","-17.37%","3,206","-11%","$-1.54","0"
"CGNX","-3.59%","$55.36","93","A","2,174","-4.50%","-7.55%","2,076","-4.5%","$-2.06","-1"
"CHRW","4.64%","$184.08","93","B","2,411","-17.64%","-9.47%","1,986","-18%","$8.17","2"
"CMBT","-0.42%","$14.30","93","A","2,109","99.74%","-1.92%","4,212","100%","$-0.06","0"
"CMDB","3.22%","$18.94","93","A","61","13.97%","-4.97%","70","14%","$0.59","1"
"CRS","0.49%","$397.53","93","A","891","-24.44%","-1.56%","673","-24%","$1.92","0"
"CW","0.47%","$701.99","93","A","243","-14.60%","-2.37%","207","-15%","$3.27","0"
"CX","0.16%","$12.76","93","A","6,123","-22.17%","-4.42%","4,766","-22%","$0.02","0"
"DAKT","-1.74%","$26.60","93","A","530","-5.59%","-5.91%","500","-5.6%","$-0.47","-1"
"DAR","-0.26%","$52.95","93","A","2,353","-16.38%","-1.42%","1,967","-16%","$-0.14","0"
"DCO","-3.45%","$122.40","93","A","145","34.00%","-4.50%","194","34%","$-4.37","-1"
"DXPE","-3.41%","$148.75","93","A","128","34.68%","-13.37%","172","35%","$-5.25","-2"
"EHAB","0.15%","$13.60","93","A","1,029","553.98%","-0.29%","6,731","554%","$0.02","0"
"ENS","0.72%","$171.13","93","B","506","-35.01%","-12.14%","329","-35%","$1.22","0"
"EWTX","-1.53%","$29.66","93","A","1,362","-46.45%","-6.79%","729","-46%","$-0.46","-1"
"FDX","1.33%","$387.68","93","A","1,935","-4.91%","-1.10%","1,840","-4.9%","$5.09","0"
"GLDD","0.06%","$16.91","93","A","1,269","17.67%","-0.47%","1,493","18%","$0.01","0"
"GRC","0.34%","$64.63","93","A","110","-29.42%","-4.98%","78","-29%","$0.22","0"
"HMY","4.69%","$22.55","93","A","4,748","11.63%","-13.47%","5,300","12%","$1.01","2"
"HP","0.96%","$34.59","93","A","1,729","-32.08%","-5.83%","1,174","-32%","$0.33","0"
"IPX","1.96%","$48.31","93","A","158","20.54%","-21.38%","190","21%","$0.93","-1"
"ISOU","-0.26%","$11.38","93","A","113","-21.89%","-16.20%","89","-22%","$-0.03","0"
"JBIO","0.41%","$14.56","93","B","309","-28.77%","-17.79%","220","-29%","$0.06","1"
"KB","-2.44%","$115.32","93","A","191","65.08%","-3.67%","315","65%","$-2.89","-1"
"LPG","1.49%","$36.70","93","A","532","-21.08%","-0.27%","420","-21%","$0.54","1"
"LUV","2.08%","$50.93","93","B","10,176","9.97%","-7.58%","11,190","10.0%","$1.04","0"
"MITK","-0.27%","$14.67","93","A","797","56.34%","-3.17%","1,246","56%","$-0.04","0"
"MRCY","0.31%","$89.58","93","A","685","-33.66%","-13.73%","455","-34%","$0.28","0"
"MSGS","1.84%","$321.53","93","A","234","-3.62%","-6.93%","225","-3.6%","$5.81","0"
"MYE","-0.61%","$22.65","93","A","266","-20.55%","-2.12%","211","-21%","$-0.14","-1"
"MYRG","-0.56%","$272.47","93","A","228","178.94%","-6.33%","635","179%","$-1.54","-1"
"OCS","1.45%","$29.99","93","A","264","36.51%","-2.25%","361","37%","$0.43","0"
"PARR","5.45%","$40.63","93","B","1,159","9.16%","-16.05%","1,265","9.2%","$2.10","2"
"PLOW","1.47%","$46.80","93","A","200","83.16%","-0.45%","365","83%","$0.68","0"
"PLPC","-0.45%","$260.32","93","B","108","-37.14%","-9.60%","68","-37%","$-1.17","0"
"PTGX","1.48%","$88.39","93","A","748","-5.66%","-8.44%","706","-5.7%","$1.29","0"
"PWR","0.41%","$565.05","93","A","1,045","2.46%","-1.55%","1,071","2.5%","$2.28","0"
"REZI","-0.93%","$40.48","93","A","1,331","57.78%","-10.62%","2,100","58%","$-0.38","-1"
"RIO","-1.68%","$99.09","93","A","3,896","-27.92%","-2.40%","2,808","-28%","$-1.69","0"
"RRX","0.18%","$220.80","93","A","956","-30.29%","-3.71%","666","-30%","$0.40","0"
"SDRL","-4.33%","$43.26","93","A","956","53.12%","-5.75%","1,464","53%","$-1.96","-1"
"SHG","-1.79%","$69.54","93","A","229","6.48%","-5.26%","244","6.5%","$-1.27","-1"
"SLAB","0.27%","$204.72","93","A","720","66.69%","-1.97%","1,200","67%","$0.56","0"
"SNCY","2.93%","$20.40","93","A","1,442","-10.20%","-8.48%","1,295","-10%","$0.58","1"
"TDW","-1.20%","$77.61","93","A","727","-12.78%","-5.35%","634","-13%","$-0.94","0"
"TECK","-0.72%","$60.99","93","A","4,316","4.99%","-2.28%","4,532","5.0%","$-0.44","-1"
"TK","2.38%","$12.89","93","A","582","32.58%","-0.62%","772","33%","$0.30","1"
"TRVI","1.41%","$11.52","93","A","1,445","-29.09%","-19.94%","1,024","-29%","$0.16","0"
"TSAT","-2.58%","$32.13","93","A","158","-49.75%","-12.81%","79","-50%","$-0.85","-1"
"TWST","-1.75%","$48.71","93","A","1,388","-39.74%","-15.84%","836","-40%","$-0.87","-1"
"VSEC","3.17%","$226.50","93","A","488","58.42%","-2.20%","772","58%","$6.96","0"
"ADI","-1.79%","$354.35","92","A","3,921","18.88%","-2.44%","4,661","19%","$-6.45","-1"
"AMG","0.10%","$312.94","92","B","446","-21.85%","-6.52%","348","-22%","$0.31","0"
"ANDE","1.26%","$65.20","92","B","325","-19.14%","-6.94%","263","-19%","$0.81","0"
"APH","-2.73%","$148.47","92","A","9,695","-20.33%","-11.12%","7,724","-20%","$-4.17","-1"
"ARCB","5.12%","$101.65","92","B","396","-26.36%","-9.98%","292","-26%","$4.95","2"
"ASTE","1.68%","$62.34","92","A","205","91.84%","-3.15%","393","92%","$1.03","-1"
"ATEX","-0.66%","$36.21","92","A","377","-21.60%","-8.61%","295","-22%","$-0.24","0"
"ATMU","-0.79%","$64.15","92","A","734","15.36%","-3.53%","847","15%","$-0.51","0"
"BKR","0.14%","$64.90","92","A","8,970","-19.21%","-1.17%","7,247","-19%","$0.09","1"
"BWMX","-0.71%","$18.17","92","B","99","-16.83%","-8.19%","82","-17%","$-0.13","-1"
"CMP","1.49%","$25.23","92","A","519","-25.74%","-6.56%","386","-26%","$0.37","0"
"CMRE","2.76%","$17.49","92","A","497","-15.62%","-0.74%","419","-16%","$0.47","0"
"COHU","-1.73%","$30.73","92","A","803","-41.21%","-12.10%","472","-41%","$-0.54","-1"
"COKE","-0.33%","$199.47","92","A","504","57.30%","-2.70%","793","57%","$-0.66","0"
"DBD","0.46%","$83.05","92","A","261","-22.10%","-1.67%","204","-22%","$0.38","0"
"DBRG","0.39%","$15.41","92","B","6,517","-74.92%","-0.90%","1,634","-75%","$0.06","1"
"DD","-0.77%","$50.35","92","A","5,029","-43.37%","-4.39%","2,848","-43%","$-0.39","0"
"EE","-7.86%","$39.52","92","A","369","142.13%","-8.24%","893","142%","$-3.37","-2"
"ELVN","1.16%","$29.62","92","A","1,090","-32.91%","-1.99%","731","-33%","$0.34","0"
"FLS","-3.11%","$89.18","92","A","1,350","22.45%","-3.50%","1,653","22%","$-2.86","-1"
"GNK","-0.51%","$23.48","92","A","385","32.85%","-2.61%","512","33%","$-0.12","1"
"HAL","1.25%","$35.71","92","A","13,164","-23.89%","-1.30%","10,019","-24%","$0.44","0"
"HCSG","0.83%","$21.76","92","A","832","-21.75%","-5.31%","651","-22%","$0.18","1"
"HSBC","0.32%","$94.50","92","A","2,096","33.10%","-0.32%","2,789","33%","$0.30","0"
"HWM","0.26%","$260.31","92","A","2,606","-38.05%","-0.58%","1,614","-38%","$0.67","0"
"HXL","1.14%","$93.80","92","A","1,227","2.33%","-0.70%","1,255","2.3%","$1.06","1"
"IBP","7.07%","$322.01","92","B","306","73.55%","-7.73%","531","74%","$21.27","2"
"IMVT","0.66%","$27.41","92","A","1,552","-27.31%","-6.29%","1,128","-27%","$0.18","0"
"IRMD","1.91%","$102.42","92","A","76","-46.65%","-5.08%","41","-47%","$1.92","0"
"IX","-0.08%","$35.59","92","A","254","20.94%","-3.91%","307","21%","$-0.03","0"
"JBHT","4.09%","$228.22","92","A","1,044","-15.12%","-2.81%","886","-15%","$8.97","2"
"JBL","-2.04%","$271.91","92","A","1,206","-24.88%","-3.36%","906","-25%","$-5.66","0"
"JOUT","0.24%","$51.16","92","A","59","-11.43%","-0.97%","53","-11%","$0.12","0"
"KGS","3.98%","$54.85","92","A","1,589","86.38%","-0.65%","2,962","86%","$2.10","0"
"LFUS","-3.77%","$362.48","92","A","239","16.26%","-4.61%","278","16%","$-14.21","-1"
"MATX","-0.88%","$168.56","92","A","315","25.76%","-5.04%","396","26%","$-1.49","0"
"MGA","-0.70%","$64.15","92","A","1,892","-30.71%","-8.28%","1,311","-31%","$-0.45","0"
"MPWR","-4.21%","$1,180.13","92","A","693","-6.94%","-6.06%","645","-6.9%","$-51.82","-1"
"MSGE","2.56%","$61.73","92","A","330","-3.09%","-5.41%","320","-3.1%","$1.54","0"
"NMM","1.51%","$69.14","92","A","127","7.44%","-1.02%","136","7.4%","$1.03","0"
"NVT","-0.01%","$121.79","92","A","2,246","14.05%","-0.92%","2,562","14%","$-0.01","0"
"OSK","-0.22%","$172.02","92","A","808","-12.44%","-4.69%","707","-12%","$-0.38","0"
"PDFS","-2.08%","$33.95","92","A","293","-5.05%","-8.22%","278","-5.1%","$-0.72","-1"
"SAN","-2.04%","$12.94","92","A","9,525","110.53%","-2.27%","20,053","111%","$-0.27","-1"
"SANM","0.07%","$161.43","92","A","805","-18.33%","-12.88%","657","-18%","$0.11","1"
"SKM","-1.84%","$30.95","92","A","1,471","-21.34%","-8.19%","1,157","-21%","$-0.58","0"
"SNEX","2.23%","$130.96","92","A","347","-21.76%","-0.03%","271","-22%","$2.86","0"
"TEX","-0.04%","$68.16","92","A","1,941","-33.59%","-4.67%","1,289","-34%","$-0.03","0"
"TRDA","6.76%","$12.79","92","A","211","16.37%","-0.70%","245","16%","$0.81","2"
"TRMD","5.19%","$29.18","92","A","539","146.64%","-1.35%","1,330","147%","$1.44","2"
"TS","0.33%","$54.41","92","A","1,429","-16.91%","-0.51%","1,187","-17%","$0.18","0"
"ULTA","1.66%","$695.63","92","A","548","-24.09%","-2.71%","416","-24%","$11.36","0"
"VIV","0.79%","$16.57","92","A","842","9.83%","-0.36%","925","9.8%","$0.13","1"
"VRDN","1.90%","$29.49","92","B","1,494","19.13%","-14.00%","1,780","19%","$0.55","1"
"VTRS","-5.16%","$15.25","92","A","9,676","119.03%","-7.41%","21,193","119%","$-0.83","-1"
"WTTR","0.58%","$13.85","92","A","1,173","46.34%","-10.36%","1,716","46%","$0.08","1"
"XPRO","0.58%","$17.40","92","A","1,182","-25.13%","-7.10%","885","-25%","$0.10","0"
"ZUMZ","2.34%","$26.86","92","A","208","-6.51%","-15.28%","194","-6.5%","$0.62","-1"
"AROC","1.14%","$35.43","91","A","1,557","86.25%","-1.31%","2,900","86%","$0.40","0"
"ASC","2.31%","$15.96","91","A","669","66.99%","-0.25%","1,118","67%","$0.36","1"
"BHE","-1.95%","$59.18","91","A","305","-7.09%","-3.17%","283","-7.1%","$-1.18","-1"
"BWLP","2.47%","$17.84","91","A","360","-29.40%","-0.72%","255","-29%","$0.43","1"
"BWXT","-0.49%","$207.24","91","A","985","9.72%","-6.04%","1,081","9.7%","$-1.03","0"
"CDLR","0.54%","$26.23","91","A","125","-1.59%","-2.09%","123","-1.6%","$0.14","0"
"CMI","-1.06%","$588.11","91","A","938","-15.31%","-4.83%","795","-15%","$-6.30","-1"
"CNTA","-0.74%","$26.77","91","A","1,305","-27.31%","-12.46%","949","-27%","$-0.20","0"
"COCO","4.25%","$57.41","91","A","859","21.21%","-4.12%","1,041","21%","$2.34","3"
"CTRN","1.60%","$47.60","91","A","102","23.61%","-3.84%","126","24%","$0.75","0"
"DIOD","-1.65%","$69.63","91","A","361","4.39%","-14.78%","377","4.4%","$-1.17","0"
"ELPC","0.34%","$11.70","91","A","179","-17.91%","-0.51%","147","-18%","$0.04","0"
"ESE","0.36%","$280.10","91","A","208","-13.54%","-3.85%","180","-14%","$1.00","0"
"ESI","-0.50%","$35.71","91","A","2,475","15.77%","-5.38%","2,866","16%","$-0.18","0"
"GSL","1.30%","$40.41","91","A","328","23.08%","-0.61%","403","23%","$0.52","1"
"HCC","-3.50%","$84.68","91","B","920","-15.66%","-19.62%","776","-16%","$-3.07","0"
"HTHT","2.82%","$56.06","91","A","1,586","99.37%","-1.02%","3,161","99%","$1.54","1"
"INVX","-8.92%","$26.64","91","A","498","695.28%","-9.63%","3,957","695%","$-2.61","-3"
"KN","-1.97%","$27.92","91","A","736","-16.65%","-2.85%","614","-17%","$-0.56","0"
"KNSA","1.71%","$43.49","91","B","589","38.32%","-11.46%","814","38%","$0.73","1"
"LBRX","-3.62%","$24.23","91","A","328","-40.11%","-5.35%","197","-40%","$-0.91","-1"
"NOV","0.15%","$20.19","91","A","4,586","-27.46%","-3.21%","3,327","-27%","$0.03","0"
"NSSC","-1.23%","$46.65","91","A","439","-38.29%","-3.05%","271","-38%","$-0.58","0"
"NVST","-0.98%","$29.30","91","A","2,961","-2.78%","-3.68%","2,879","-2.8%","$-0.29","-1"
"ON","-2.18%","$68.16","91","A","9,431","-16.14%","-7.59%","7,909","-16%","$-1.52","0"
"OUT","6.18%","$28.52","91","A","1,380","116.88%","-0.52%","2,992","117%","$1.66","2"
"PHIN","-5.00%","$74.13","91","A","437","26.29%","-8.61%","552","26%","$-3.90","-1"
"PLXS","-2.49%","$199.00","91","A","306","-28.47%","-6.06%","219","-28%","$-5.09","-1"
"PSTL","1.93%","$20.55","91","A","306","21.01%","-0.68%","370","21%","$0.39","1"
"QXO","-1.32%","$23.88","91","B","8,075","-26.22%","-13.51%","5,958","-26%","$-0.32","-1"
"RBC","1.96%","$576.50","91","A","210","-3.05%","-0.04%","204","-3.1%","$11.06","0"
"RMBS","1.07%","$102.17","91","B","2,370","-20.06%","-24.74%","1,894","-20%","$1.08","0"
"SBS","-0.72%","$30.29","91","A","1,220","8.33%","-1.11%","1,322","8.3%","$-0.22","0"
"SCHL","0.85%","$34.24","91","B","444","6.49%","-4.84%","472","6.5%","$0.29","0"
"SEI","-7.71%","$50.96","91","B","2,834","52.46%","-16.95%","4,320","52%","$-4.26","-3"
"SFST","-0.77%","$60.61","91","A","55","230.99%","-2.24%","181","231%","$-0.47","0"
"SLB","-0.33%","$51.49","91","A","18,473","-34.54%","-1.74%","12,093","-35%","$-0.17","0"
"SUPN","-1.01%","$55.75","91","A","759","64.65%","-6.59%","1,249","65%","$-0.57","0"
"TIMB","0.00%","$27.38","91","A","421","-19.94%","-1.30%","337","-20%","$0.00","1"
"TPH","-0.17%","$46.30","91","A","1,955","179.39%","-0.69%","5,463","179%","$-0.08","0"
"UMC","-2.37%","$10.30","91","A","10,788","-17.26%","-18.77%","8,925","-17%","$-0.25","-1"
"WS","0.46%","$43.42","91","B","287","-21.35%","-11.69%","225","-21%","$0.20","0"
"ZYME","-1.29%","$23.81","91","A","715","-3.88%","-16.43%","688","-3.9%","$-0.31","-1"
"BG","-1.61%","$119.42","90","A","1,627","-3.52%","-4.30%","1,570","-3.5%","$-1.96","-1"
"BH","3.87%","$391.16","90","B","88","109.27%","-19.11%","183","109%","$14.58","1"
"CAH","0.42%","$227.13","90","A","1,734","-32.80%","-1.59%","1,165","-33%","$0.95","1"
"CASY","0.98%","$682.35","90","A","316","-19.75%","-0.50%","254","-20%","$6.61","0"
"CM","2.96%","$103.75","90","A","1,167","6.19%","-1.19%","1,239","6.2%","$2.98","1"
"CORZ","-0.55%","$17.98","90","A","11,042","-19.96%","-23.91%","8,838","-20%","$-0.10","0"
"CUK","3.26%","$32.58","90","A","2,455","-33.43%","-3.38%","1,634","-33%","$1.03","1"
"CVE","0.55%","$22.07","90","A","12,855","25.35%","-5.64%","16,113","25%","$0.12","0"
"CYTK","-0.41%","$62.63","90","B","1,959","1.97%","-11.76%","1,997","2.0%","$-0.26","1"
"DGII","0.04%","$49.93","90","A","324","-10.43%","-3.57%","290","-10%","$0.02","0"
"ECPG","8.06%","$63.94","90","A","185","307.91%","-2.38%","753","308%","$4.77","4"
"EMBJ","2.16%","$73.28","90","A","856","10.58%","-9.25%","946","11%","$1.55","1"
"EME","-6.94%","$746.18","90","A","366","141.62%","-10.64%","884","142%","$-55.62","-3"
"FCFS","1.69%","$189.27","90","A","254","-27.73%","-0.33%","183","-28%","$3.15","2"
"GM","-1.99%","$80.79","90","B","8,569","-24.94%","-7.80%","6,432","-25%","$-1.64","-1"
"GOOGL","-1.76%","$307.38","90","B","34,190","5.74%","-11.93%","36,152","5.7%","$-5.52","0"
"GSK","-2.47%","$58.07","90","A","5,262","17.75%","-5.88%","6,195","18%","$-1.47","0"
"GVA","0.46%","$136.09","90","A","659","68.31%","-0.81%","1,109","68%","$0.62","0"
"IDCC","-0.98%","$375.29","90","A","285","5.97%","-9.04%","302","6.0%","$-3.73","-1"
"IMO","0.49%","$116.78","90","A","678","-52.45%","-5.46%","322","-52%","$0.57","0"
"IVZ","1.16%","$27.09","90","B","5,694","-41.03%","-8.51%","3,358","-41%","$0.31","1"
"JCI","-0.74%","$143.42","90","A","5,805","-30.79%","-2.10%","4,018","-31%","$-1.07","0"
"KNOP","-0.67%","$10.38","90","B","103","-66.61%","-6.91%","34","-67%","$-0.07","0"
"LGCY","0.15%","$13.52","90","A","54","66.70%","-2.66%","91","67%","$0.02","0"
"LHX","4.14%","$355.16","90","A","1,407","10.07%","-3.90%","1,549","10%","$14.11","2"
"LMT","-0.91%","$641.63","90","A","1,739","-27.33%","-4.20%","1,263","-27%","$-5.87","0"
"LTM","-0.21%","$58.25","90","B","1,306","-17.24%","-17.28%","1,081","-17%","$-0.12","0"
"LXU","15.17%","$11.54","90","A","480","217.85%","0.00%","1,526","218%","$1.52","9"
"NGS","-0.16%","$38.40","90","A","128","-37.51%","-0.62%","80","-38%","$-0.06","0"
"NGVT","1.32%","$70.52","90","B","315","131.65%","-8.96%","730","132%","$0.92","0"
"NHC","-0.10%","$160.17","90","A","79","5.80%","-6.68%","84","5.8%","$-0.16","-1"
"NPK","2.77%","$133.53","90","A","78","-33.12%","-3.08%","52","-33%","$3.60","2"
"PBF","3.06%","$36.06","90","A","3,188","-12.60%","-13.07%","2,787","-13%","$1.07","2"
"PBT","-1.84%","$19.69","90","A","67","-3.82%","-3.95%","65","-3.8%","$-0.37","0"
"PHVS","1.34%","$28.00","90","A","181","-59.10%","-6.04%","74","-59%","$0.37","1"
"PKX","-1.35%","$69.60","90","A","196","-17.50%","-2.45%","162","-17%","$-0.95","0"
"PRLB","0.54%","$62.97","90","A","189","-15.00%","-8.62%","161","-15%","$0.34","0"
"PSMT","-1.01%","$153.80","90","A","219","-32.99%","-2.58%","147","-33%","$-1.57","-1"
"Q","4.10%","$124.78","90","A","2,473","237.15%","-11.25%","8,339","237%","$4.92","0"
"REX","1.74%","$35.75","90","A","184","-28.61%","-2.05%","131","-29%","$0.61","1"
"ROG","-1.31%","$108.33","90","A","158","15.98%","-3.97%","183","16%","$-1.44","0"
"SBH","3.56%","$16.60","90","A","1,720","-17.85%","-7.37%","1,413","-18%","$0.57","2"
"SBLK","0.40%","$25.02","90","A","1,407","218.61%","-3.10%","4,482","219%","$0.10","0"
"SD","1.01%","$16.96","90","A","307","1.02%","-5.09%","311","1.0%","$0.17","1"
"SMFG","1.60%","$22.84","90","A","2,090","-24.70%","-6.16%","1,574","-25%","$0.36","1"
"STM","-0.52%","$34.38","90","A","7,217","-5.62%","-1.97%","6,811","-5.6%","$-0.18","0"
"TKR","2.03%","$109.88","90","A","773","-23.50%","-1.36%","591","-24%","$2.19","0"
"VIK","0.67%","$79.71","90","A","2,193","1.40%","-2.17%","2,224","1.4%","$0.53","-1"
"VNET","-3.39%","$11.39","90","B","6,047","16.77%","-21.34%","7,061","17%","$-0.40","0"
"VOD","-2.90%","$15.40","90","A","4,665","-30.80%","-3.21%","3,228","-31%","$-0.46","-1"
"WCC","-0.51%","$295.84","90","B","564","-30.91%","-7.46%","390","-31%","$-1.52","-1"
"AHR","0.51%","$53.19","89","B","2,653","-12.66%","-0.65%","2,317","-13%","$0.27","1"
"ARW","-0.29%","$153.85","89","B","613","-26.52%","-5.39%","450","-27%","$-0.45","0"
"BBVA","-0.46%","$23.66","89","C","1,925","-7.23%","-9.69%","1,786","-7.2%","$-0.11","0"
"BCH","-1.55%","$42.65","89","C","344","-6.06%","-8.81%","323","-6.1%","$-0.67","0"
"BEAM","-2.33%","$28.92","89","B","1,786","70.27%","-20.64%","3,040","70%","$-0.69","-1"
"BLFY","1.46%","$13.93","89","C","365","-41.75%","-5.50%","212","-42%","$0.20","0"
"BSAC","-2.23%","$35.07","89","C","314","4.67%","-7.03%","328","4.7%","$-0.80","-1"
"CAAP","-0.75%","$28.96","89","B","233","35.00%","-5.05%","315","35%","$-0.22","0"
"CC","-3.88%","$17.32","89","C","3,185","-6.08%","-20.73%","2,991","-6.1%","$-0.70","-2"
"CFLT","-0.03%","$30.63","89","B","13,433","-45.67%","-7.18%","7,299","-46%","$-0.01","-1"
"CLDX","-0.58%","$30.64","89","B","760","120.02%","-2.14%","1,673","120%","$-0.18","0"
"CMC","0.44%","$74.91","89","C","1,219","-37.09%","-11.74%","767","-37%","$0.33","0"
"CNQ","1.22%","$43.09","89","B","8,959","-7.68%","-0.16%","8,271","-7.7%","$0.52","0"
"E","2.45%","$45.54","89","B","294","36.22%","-0.39%","401","36%","$1.09","2"
"ECVT","1.15%","$11.45","89","B","1,307","127.28%","-7.14%","2,970","127%","$0.13","1"
"EGBN","-0.45%","$26.33","89","C","383","-38.71%","-10.01%","235","-39%","$-0.12","0"
"EL","-0.90%","$111.90","89","B","3,894","-9.23%","-8.01%","3,534","-9.2%","$-1.02","0"
"EVMN","-10.82%","$26.63","89","B","691","-29.65%","-19.79%","486","-30%","$-3.23","-3"
"FLOC","9.38%","$24.37","89","B","280","28.29%","-9.07%","359","28%","$2.09","6"
"GOLF","3.60%","$103.07","89","B","346","45.27%","-1.66%","503","45%","$3.58","3"
"GOOG","-1.88%","$307.15","89","C","21,737","2.43%","-12.28%","22,266","2.4%","$-5.88","-1"
"GRDN","-0.75%","$33.07","89","B","242","-43.25%","-11.65%","137","-43%","$-0.25","0"
"GXO","-0.44%","$63.51","89","B","1,275","-25.38%","-5.00%","951","-25%","$-0.28","-1"
"HE","-1.77%","$15.50","89","C","3,959","-13.67%","-10.82%","3,418","-14%","$-0.28","-1"
"HG","1.66%","$31.77","89","B","564","13.71%","-0.25%","641","14%","$0.52","0"
"HRTG","2.38%","$27.91","89","B","311","40.41%","-12.73%","437","40%","$0.65","1"
"IMAX","14.38%","$41.77","89","B","1,174","257.64%","-1.63%","4,198","258%","$5.25","9"
"JNJ","-0.69%","$243.47","89","B","8,954","-20.34%","-1.53%","7,132","-20%","$-1.70","0"
"JOE","1.18%","$69.73","89","B","193","4.58%","-3.02%","201","4.6%","$0.81","0"
"KNX","5.07%","$61.70","89","B","3,151","17.87%","-1.48%","3,714","18%","$2.98","3"
"LAUR","0.35%","$33.98","89","C","1,013","-7.51%","-10.37%","937","-7.5%","$0.12","0"
"LE","8.39%","$17.45","89","C","240","-2.68%","-12.92%","234","-2.7%","$1.35","5"
"LGND","2.50%","$196.17","89","B","209","22.72%","-7.68%","257","23%","$4.78","3"
"LIVN","1.01%","$71.00","89","B","686","72.01%","-1.28%","1,180","72%","$0.71","0"
"MEC","1.90%","$21.44","89","B","163","-30.47%","-4.16%","114","-30%","$0.40","0"
"MNST","1.46%","$86.66","89","B","5,926","59.67%","-0.16%","9,461","60%","$1.25","1"
"MTW","0.82%","$14.81","89","B","278","16.59%","-4.82%","325","17%","$0.12","0"
"NAMS","-2.09%","$34.28","89","B","729","23.56%","-18.38%","901","24%","$-0.73","-2"
"NOC","1.03%","$710.90","89","B","940","-37.50%","-4.65%","587","-37%","$7.25","1"
"NVS","-0.80%","$165.51","89","B","2,077","100.87%","-1.49%","4,172","101%","$-1.34","-1"
"NXST","5.86%","$246.16","89","B","333","74.75%","-3.20%","583","75%","$13.62","3"
"NYT","1.89%","$78.84","89","B","2,232","-5.96%","-0.72%","2,099","-6.0%","$1.46","1"
"PH","0.31%","$1,014.97","89","B","632","-27.59%","-1.93%","457","-28%","$3.17","0"
"ROAD","-0.64%","$135.63","89","B","548","12.60%","-4.42%","617","13%","$-0.87","-1"
"SNDX","-0.39%","$20.67","89","C","1,253","8.40%","-9.06%","1,358","8.4%","$-0.08","0"
"STLD","0.52%","$192.52","89","C","1,358","-40.82%","-7.65%","804","-41%","$0.99","1"
"SU","-0.45%","$55.50","89","B","4,714","-35.93%","-2.85%","3,020","-36%","$-0.25","0"
"TARS","4.43%","$75.87","89","B","678","-26.07%","-11.00%","501","-26%","$3.22","3"
"TD","1.65%","$98.78","89","B","2,349","74.93%","-0.51%","4,109","75%","$1.60","1"
"THC","1.11%","$239.67","89","B","978","22.02%","-0.48%","1,193","22%","$2.63","1"
"TX","-0.57%","$43.27","89","C","228","-52.44%","-5.05%","108","-52%","$-0.25","0"
"UTHR","-5.89%","$503.60","89","B","391","95.47%","-6.25%","764","95%","$-31.50","-2"
"VLO","2.08%","$203.79","89","B","3,251","-28.20%","-1.44%","2,334","-28%","$4.15","1"
"VTOL","2.76%","$48.00","89","B","191","111.75%","-3.13%","405","112%","$1.29","2"
"ACNT","0.09%","$17.27","88","B","54","-52.79%","-3.66%","25","-53%","$0.02","0"
"ADPT","1.54%","$16.46","88","C","1,949","-25.65%","-20.71%","1,449","-26%","$0.25","2"
"AES","-0.73%","$16.25","88","B","8,689","8.24%","-3.16%","9,405","8.2%","$-0.12","0"
"ALSN","1.70%","$124.81","88","B","875","56.51%","-0.68%","1,369","57%","$2.09","0"
"AMX","0.39%","$25.42","88","B","2,546","89.68%","-0.82%","4,828","90%","$0.10","1"
"APA","4.53%","$29.10","88","B","6,165","136.93%","-3.26%","14,607","137%","$1.26","3"
"APG","0.83%","$45.13","88","B","2,309","23.13%","-3.75%","2,843","23%","$0.37","0"
"BC","1.93%","$82.52","88","C","908","5.98%","-8.57%","963","6.0%","$1.56","1"
"BCO","4.63%","$135.58","88","B","257","113.29%","-0.58%","548","113%","$6.00","3"
"BCS","-1.33%","$25.29","88","C","6,039","108.45%","-8.70%","12,588","108%","$-0.34","-1"
"CPA","0.06%","$148.03","88","B","332","-20.02%","-5.36%","266","-20%","$0.09","0"
"CVLG","4.48%","$29.41","88","B","167","-37.21%","-3.19%","105","-37%","$1.26","3"
"DLTR","-0.59%","$126.95","88","B","3,045","-31.51%","-10.85%","2,086","-32%","$-0.75","-1"
"EIX","-1.10%","$74.37","88","B","3,254","-10.71%","-1.50%","2,906","-11%","$-0.83","1"
"FER","1.98%","$74.07","88","B","2,671","-36.90%","-0.96%","1,685","-37%","$1.44","1"
"GE","-0.60%","$340.84","88","B","5,377","-12.59%","-2.19%","4,700","-13%","$-2.05","0"
"HAS","0.61%","$100.36","88","B","1,912","-19.91%","-6.19%","1,531","-20%","$0.61","0"
"IFS","-2.39%","$49.52","88","B","229","0.20%","-5.82%","229","0.2%","$-1.21","-1"
"ISTR","0.31%","$29.15","88","C","83","26.66%","-8.25%","105","27%","$0.09","0"
"JAZZ","-3.99%","$188.97","88","B","1,078","74.56%","-4.56%","1,882","75%","$-7.86","-2"
"MEOH","0.08%","$48.46","88","B","523","-2.98%","-6.70%","507","-3.0%","$0.04","0"
"MOV","-0.24%","$25.45","88","B","142","-22.32%","-1.55%","110","-22%","$-0.06","-1"
"MSBI","-0.13%","$23.03","88","C","171","-44.05%","-6.27%","96","-44%","$-0.03","0"
"NDSN","0.62%","$292.62","88","B","468","-33.56%","-4.15%","311","-34%","$1.79","1"
"NGG","-0.22%","$93.72","88","B","899","17.22%","-0.36%","1,054","17%","$-0.21","0"
"OPY","0.84%","$90.32","88","B","51","10.10%","-4.02%","56","10%","$0.75","0"
"PKBK","0.38%","$28.75","88","B","81","5.20%","-2.54%","85","5.2%","$0.11","0"
"R","1.00%","$223.13","88","B","374","53.44%","-3.15%","574","53%","$2.21","1"
"RUSHA","0.66%","$71.65","88","B","513","-3.70%","-5.71%","494","-3.7%","$0.47","0"
"SAIA","5.16%","$404.16","88","B","519","-1.77%","-6.09%","510","-1.8%","$19.83","3"
"SENEA","0.04%","$140.06","88","B","56","4.77%","-3.80%","59","4.8%","$0.06","0"
"TDY","0.21%","$678.82","88","B","366","-51.91%","-1.89%","176","-52%","$1.44","0"
"TFII","4.64%","$119.22","88","C","392","74.55%","-6.45%","684","75%","$5.29","2"
"TRGP","0.47%","$231.22","88","B","1,369","-18.05%","-1.36%","1,122","-18%","$1.08","0"
"VET","1.43%","$10.62","88","B","1,666","3.05%","-2.75%","1,717","3.1%","$0.15","1"
"VSH","-3.28%","$19.45","88","B","2,190","-38.25%","-11.59%","1,352","-38%","$-0.66","-2"
"VVX","2.67%","$69.69","88","B","423","112.50%","-5.03%","898","113%","$1.81","1"
"WAB","0.23%","$263.41","88","B","827","-5.68%","-1.07%","780","-5.7%","$0.60","0"
"WLK","-2.67%","$100.34","88","B","1,451","-38.06%","-12.56%","899","-38%","$-2.75","-2"
"XOM","-0.35%","$148.54","88","B","19,584","-20.38%","-5.35%","15,593","-20%","$-0.52","0"
" -> ","","","","","","","","","","",""
"","","","","","","","","","","",""
" -> ","","","","","","","","","","",""
"","","","","","","","","","","",""
" -> ","","","","","","","","","","",""
"","","","","","","","","","","",""
" -> ","","","","","","","","","","",""
"","","","","","","","","","","",""
" -> ","","","","","","","","","","",""
"","","","","","","","","","","",""
" -> ","","","","","","","","","","",""
"","","","","","","","","","","",""
" -> ","","","","","","","","","","",""
"","","","","","","","","","","",""
" -> ","","","","","","","","","","",""
"","","","","","","","","","","",""
" -> ","","","","","","","","","","",""
"","","","","","","","","","","",""
" -> ","","","","","","","","","","",""
"","","","","","","","","","","",""
" -> ","","","","","","","","","","",""
"","","","","","","","","","","",""
" -> ","","","","","","","","","","",""
"","","","","","","","","","","",""
" -> ","","","","","","","","","","",""
"","","","","","","","","","","",""
" -> ","","","","","","","","","","",""
"","","","","","","","","","","",""
" -> ","","","","","","","","","","",""
"","","","","","","","","","","",""
" -> ","","","","","","","","","","",""
"","","","","","","","","","","",""
" -> ","","","","","","","","","","",""
"","","","","","","","","","","",""
" -> ","","","","","","","","","","",""
"","","","","","","","","","","",""
" -> ","","","","","","","","","","",""
"","","","","","","","","","","",""
" -> ","","","","","","","","","","",""
"","","","","","","","","","","",""
" -> ","","","","","","","","","","",""
"","","","","","","","","","","",""
" -> ","","","","","","","","","","",""
"","","","","","","","","","","",""
" -> ","","","","","","","","","","",""
"","","","","","","","","","","",""
" -> ","","","","","","","","","","",""
"","","","","","","","","","","",""
" -> ","","","","","","","","","","",""
"","","","","","","","","","","",""
" -> ","","","","","","","","","","",""
"","","","","","","","","","","",""
" -> ","","","","","","","","","","",""
"","","","","","","","","","","",""
" -> ","","","","","","","","","","",""
"","","","","","","","","","","",""
" -> ","","","","","","","","","","",""
"","","","","","","","","","","",""
" -> ","","","","","","","","","","",""
"","","","","","","","","","","",""